"id","answerText","isOriginalAnswer","languageId","answerId","createdAt","updatedAt"
"60d19311-6232-41f2-9c10-d56eb4b2bebb","Lorsqu’un homme voulait épouser une femme, deux solutions s’offraient à lui : la dot et l’échange tête à tête entre les partenaires. S’il s’agissait d’un cadet non marié, c’était au chef de lui trouver une femme et s’il s’agissait d’un homme déjà établi, c’était à lui-même que la charge incombait. Les filles étaient en général mariées dès leur puberté mais, il pouvait arriver qu’elles soient promises dès leur naissance ou lorsque leur mère était enceinte. C’est donc le père qui le plus souvent mariait sa fille sans son consentement. Si elle traversait la puberté sans être mariée, elle pouvait bénéficier d’un mariage.",true,a016b260-36f6-4535-b20b-ea7af618ffc3,d87e4045-d981-4deb-88f4-77ce32399e3b,2023-03-24 18:03:29.377,2023-03-24 18:03:29.377
"576d7f59-bc6d-4f58-b414-68735e72a4dd","L'habillement n'a jamais été une symbolique importante dans le mariage chez les Bulu. Avant le mariage, le couple s'habillait de façon ordinaire, mais proprement. Pendant le mariage, la femme se maquillait simplement, utilisait une couronne de feuilles d’arbres, un collier fait à base de coquilles vides d'escargots et d'autres enjoliveurs naturels pour embellir son habillement. Après le mariage, l'habillement redevenait le même. Cette simplicité a évolué au fil du temps et les couples lors de leurs mariage laissaient leur OBOM, pour se vêtir d'un tissu pagne qu'ils attachaient simplement autour du corps.",true,a016b260-36f6-4535-b20b-ea7af618ffc3,e98b7495-3019-42fa-80fb-363468a82ac2,2023-03-24 18:03:29.400,2023-03-24 18:03:29.400
"310681ca-aa7c-48b3-93ab-9a2cf9f4d2e5","Celui ou celle qui s'était décidé à organiser un mariage, parfois sur les conseils d'anciens, s'adressait à la femme-chef de mevungu la plus proche du village. Une date était fixée. La femme-chef se chargeait de convoquer les femmes déjà initiées, l'organisatrice préparait une grande quantité de nourriture et du vin de palme et chaque participante apportait de son côté des mets qu'elle avait préparés. Par la suite, la famille du marié remettait la dot à la belle famille. Une fois la dot acceptée, le Chef du village célébrait le mariage et les invités se partageaient les repas sous une ambiance festive, animée par des groupes culturels.",true,a016b260-36f6-4535-b20b-ea7af618ffc3,"52da8df5-b0d1-46fc-9e17-828723aaeb63",2023-03-24 18:03:29.422,2023-03-24 18:03:29.422
"4ad557e3-c8d9-468d-9689-142dba243ddf","C’était au père de prendre l'initiative de marier sa fille. Avant l'arrivée des prêtres, on donnait les femmes comme des chèvres. On les ligotait et on les livrait au cas où elles refusaient. Parfois, la jeune fille ne savait même pas qu’elle était mariée. Son père était parti en voyage. Là-bas, il avait perçu une énorme dot et n'avait rien dit à son retour. Plus tard, arrivait le prétendant. Le mari dotait avec des bikie, qui ne servaient à rien du tout. On pouvait tout de même acheter, avec, une chèvre dont on évaluait à peu près la valeur. Mais l'argent, lui, servait à bien autre chose !",true,a016b260-36f6-4535-b20b-ea7af618ffc3,e727b6c6-b90d-42a9-887b-35106ace7898,2023-03-24 18:03:29.442,2023-03-24 18:03:29.442
"9643b455-b495-434e-8b11-d333468dbdab","Chez les Bulu, tout est dans le verbe. Proverbes et maîtrise de la langue sont des atouts. Les bulu ont cette particularité du culte des traditions qu'on s'efforce de transmettre à la jeunesse grandissante. Le mariage traditionnel chez les Bulu de nos jours est devenu très onéreux. À chacune des étapes, le futur marié est amené à acheter des présents matériels et à dépenser beaucoup d’argent pour obtenir le consentement de la belle-famille, par ricochet celui de la mariée. Toute chose qui tend à décourager les hommes a pour conséquence l'augmentation du célibat chez les jeunes.",true,a016b260-36f6-4535-b20b-ea7af618ffc3,"3c884f25-df39-4f76-888d-36120a7cf6fe",2023-03-24 18:03:29.467,2023-03-24 18:03:29.467
"6e8ca4ca-c366-44a2-8d89-4d2a24f8bef6","En la actualidad para escoger a la pareja primero entrega al joven  que se case con la señorita. y luego los familiares entregaron al joven ala hermana del joven  como un intercambio, a veces se casan con personas cercanas y otros buscan personas de distancia lejana para unir y ser familia más grande en territorio algunos se huyen del hogar y se unen con la pareja",true,"2d585863-97ad-4543-86cf-d83bcc67e635","64fbe717-6af0-49d7-9737-1b5d5869573a",2023-03-24 18:03:29.490,2023-03-24 18:03:29.490
"0958456d-7d4b-41f6-8dde-63d528729934"," Hace 60 años atrás para el matrimonio utilizan vestimenta tradicionales elaborados por padres de la pareja para acompañar en noche de matrimonio ,los hombres iban con lanzas hacer cantos de casamiento  y mujeres vestidos de vestimenta tradicional y los niños también. Todos con coronas elaborados con plumas. eso fue despues de contacto con mundo occidental. Antes de eso fue diferente en proceso de matrimonio solo podia casar despues de una mantaza ¿",true,"2d585863-97ad-4543-86cf-d83bcc67e635",df7d167f-2318-4c24-87d2-df796ff4254d,2023-03-24 18:03:29.520,2023-03-24 18:03:29.520
"5002cfd7-6686-4219-98ae-d6ee296e5819","En tradicion cultural he  historial waorani  no avido celebracion de ceremonias despues de casamiento una ves se casan y viven. Solo en casamiento se celebran todos. Unidos con familiares de joven y los familiares de la  señorita  cantan cantos de matrimonio de caseria ,del trabajo ,de guerra ,animo en todo los trabajos le regalan lanzas ,coronas shigras. Por su union ala pareja ,le hortigan ala señorita y al joven le castigan para que no comporte mal",true,"2d585863-97ad-4543-86cf-d83bcc67e635","17ac63c5-0682-44fa-83c8-cf87a9980bea",2023-03-24 18:03:29.550,2023-03-24 18:03:29.550
"724b3376-4045-4337-975c-f8db932c773c","En la cultura waorani si un anciano del pueblo te da de casar permanezcan juntos  es como una autoridad  superior  , en actualidad muchos jovenes se alejan del hogar y se unen con la pareja  van de fiesta y asen  casar  son los ancianos que le asen casar  para que aya mas familias en territorio  y sean defensores de la selva",true,"2d585863-97ad-4543-86cf-d83bcc67e635","438a9193-6803-4b83-b6c2-15b78ea9a293",2023-03-24 18:03:29.591,2023-03-24 18:03:29.591
d3baa2fb-4770-4673-9845-ab44bbac7b15,"La historia real del pueblo waorani en tema de proceso de matrimonio ,Hace mas de 90 años atra antes de civilizacion con mundo occideltal. No ubo pedidos para intercambiar con persona lejanas  de parejas  ,solo podian octener alas mujeres despues de mantaza  con lanzas  asus  padres y madres  despues que quedaban huerfanas podia  el hombre llevar para que pudieran convertir en  sus mujeres asi era el hombre waorani. Solo en venganza podian recuperar lo perdido y  tener mujer en territorio . No ubo tranquilidad entre tribus waorani. Guerra tras Guerra para sobre vivir",true,"2d585863-97ad-4543-86cf-d83bcc67e635",dec5b050-ac80-4a0d-a52b-4ed0c54641ae,2023-03-24 18:03:29.619,2023-03-24 18:03:29.619
e2be357f-f582-4f00-ad90-9ee6515d9dff,"For the wedding, she or he could choose the person who they loved and their parents also could choose the partner for them instead of choosing by themselves. If he crushed on and wanted to marry her, his parents went and talked with her and her parents but they could reject it if she didn't love him. Sometimes, they  had to marry to the person who they didn't love and some couples didn't even love each other even though they had to marry because of their old believing and they rarely rejected it.",true,"6f458c4d-df13-4235-b3c2-1d9fc9df7e34","994216b4-1b02-4fbe-a72d-ab9fbc99d636",2023-03-24 18:03:29.795,2023-03-24 18:03:29.795
"5dc1ab23-ce65-4a7f-bf5e-6faabc12ed59","For the wedding, she or he could choose the person who they loved and their parents also could choose the partner for them ( their friends' daughter or son) instead of choosing by themselves. If he crush on and want to marry her, his parents go and talk with her and her parents but they can reject it if she doesn't love him. Sometimes, they had to marry to the person who they didn't love ( when boys touched girls' hand or body with the purpose when they crushed on them) and some couples didn't even love each other even though they had to marry because of their old believing ( If a boy touched a girl and suddenly entered her room, it was a shame and it effected her dignity. That's why boy had to take responsibility and if he didn't take responsibility, she could request compensation from him) and they rarely rejected it ( to protect their dignity from getting bad images around their environment and among their friends).",true,"6f458c4d-df13-4235-b3c2-1d9fc9df7e34","20de7465-c67b-4358-b4f6-842518854d8a",2023-03-24 18:03:29.808,2023-03-24 18:03:29.808
c1e1b825-8eb0-40a6-ad72-6629814ecdbd,"For boys who were from other religions, they could wear plain shirt, Karen shirt and longyi or sarong before and after the wedding , but they had to wear long dress and sarong when they celebrated their wedding if they marry in this village. For boys who were the same religions, they had to wear long dress and sarong during the ceremonies that entering girl's room and the wedding and they could wear only plain shirt and sarong before and after wedding.For girls, they had to change their clothes what long dress to two- outfit parts since boys came and entered their room and they had to wear it the whole of their lives. If they married out side of this village, they could wear whatever they want before, during and after the wedding.",true,"6f458c4d-df13-4235-b3c2-1d9fc9df7e34","56258c7b-a6bf-4c78-80e2-310a0b941146",2023-03-24 18:03:29.817,2023-03-24 18:03:29.817
b7be0b1e-c030-47a3-a077-918d79ddddc0,"For boys who are from other religions ( the people who are Buddhist or Christian or Hindu or Muslim or others) they can wear plain shirt, Karen shirt and longyi or sarong before and after the wedding , but they have to wear long dress and sarong when they celebrate their wedding when they marrie in this village. For boys who are the same religions, they have to wear long dress and sarong during the ceremonies that entering girl's room ( every boy must enter girl's room at night time before marriage and to be legal as husband and wife according to ancient tradition) , the wedding and they can wear only plain shirt and sarong before and after wedding. For girls, they have to change their clothes what long dress to two- outfit parts since boys come and entere their room and they have to wear it the whole of their lives. If they marry out side of this village ( the villages or cities or state that not Gone Thar Phaung Village), they can wear whatever they want (the clothes of other ethnicities, religions and foreign if they wanted and prefer)  before, during and after the wedding.",true,"6f458c4d-df13-4235-b3c2-1d9fc9df7e34","847c9b44-395d-43d5-90f4-cdea416c4cb1",2023-03-24 18:03:29.827,2023-03-24 18:03:29.827
"59e212ec-a42b-4740-aef7-112bd1c50e52","We could celebrate our weddings in both of our parent's houses. If we didn't want to celebrate it twice, we could choose one of these two sides. If they would like to celebrate wedding ceremonies in Gone Thar Phaung Village, we celebrated wrist tying ceremony for groom and bride and  least three married couples to nine married couples had to tie the threads at their wrists and wish for them. After that, we spent our day happily  by treating the villagers and the people who are we invited in our house and booth. If they would like to marry outside, they could celebrate their weeding without following these traditions.",true,"6f458c4d-df13-4235-b3c2-1d9fc9df7e34","31c628a6-63a8-4d48-a32f-8d70ff243b4f",2023-03-24 18:03:29.834,2023-03-24 18:03:29.834
"6cbe2ec2-790b-4efd-80b4-d19544d9f008","We can celebrate our weddings in both of our parent's houses. If we don't want to celebrate it twice, we can choose one of these two sides. If they would like to celebrate wedding ceremonies in Gone Thar Phaung Village, we celebrate wrist tying ceremony for groom and bride and  least three married couples to nine married couples ( choosing those couples that must marry only once in their lives, they must never divorce with their partners and must not have bad images that betraying their partners)   have to tie the threads at their wrists and wish for them ( to be royal couples, to face together and count on each other in every situation in the whole of their lives like them ). After that, we spend our day happily  by feasting ( rice, only vegetarian currys, vegetarian desserts) the villagers and the people who are we invite in our house and booth (built it with bamboos and leaves for the guests to eat and take a rest when a lot of people came in this wedding and there were not enough places to treat the guests in the house). If they would like to marry outside, they can celebrate their wedding without following these traditions.",true,"6f458c4d-df13-4235-b3c2-1d9fc9df7e34","14899068-d2be-4cee-9cbc-ab3ae406c473",2023-03-24 18:03:29.844,2023-03-24 18:03:29.844
b1f02e54-e510-49db-8a4f-ffeec63ca084,"Before, we did not have any contract for marring couples to be legal. Parents were the important authorized people for our wedding and for us. It was already legal when both of our parents knew, agree us and  when mainly  the boys came to girl's house and entered her room with permission at night even they hadn't celebrated their wedding yet . Later, we  announced , told to the people who hadn't known step by step by mouths and invited the people  to come our wedding by giving cheroots.",true,"6f458c4d-df13-4235-b3c2-1d9fc9df7e34",a82abf72-d80c-4099-aaef-470ff25f74f8,2023-03-24 18:03:29.852,2023-03-24 18:03:29.852
e242a39f-be6c-4598-90ca-8658ce1e681b,"Before, we did not have any contract ( signing their name on the papers infront of the lawyer or the villages' leaders , their parents and their relatives) for marriage couples to be legal. Parents were the important authorized people ( if they didn't agree and didn't like him , they could reject him and they could call him and his parents in the village leader's house with many authorized people to give compensation for he had done if he had touched her hands or body) for our wedding and for us. It is already legal when both of our parents know, agree us and  when mainly  the boys come to girl's house and enter her room with permission at night even they haven't celebrated their wedding yet . Later, we  announced, told to the people who hadn't known step by step by mouths and invited the people  to come our wedding by giving cheroots ( Burmese traditional cigar and used to use it to invite the guests befor we didn't have any invitation letter).",true,"6f458c4d-df13-4235-b3c2-1d9fc9df7e34",d4e5888e-1e65-4d2c-890f-6ecb4ff0053c,2023-03-24 18:03:29.863,2023-03-24 18:03:29.863
"44176013-8650-4c2e-802d-5611dd290182","Every boy must enter girl's  room to be wife and husband and we don't limit the people who believe our religion what do not marry to other. They can marry but this couple has to choose one side. If they choose to faith Talah Kone religion, they can stay in this village and they have to marry early as soon as possible because they and their parents can't worship with other people in ceremonies or worship days as long as they don't celebrate the wedding. But, If they stayed outside, their parents could worship with other people even they didn't celebrate their weeding yet.",true,"6f458c4d-df13-4235-b3c2-1d9fc9df7e34","47a90be1-6239-43c3-8039-8f6e3aaafb79",2023-03-24 18:03:29.873,2023-03-24 18:03:29.873
"390cc470-f505-4e7c-8bac-178a0a4d48da","Every boy must enter girl's room to be wife and husband ( according to our tradition, the time that after her parents and she accept his proposing and before they celebrate the wedding) we don't limit the people who believe our religion what do not marry to other ( the people who are foreigners and different ethnicities , different traditions and culture with us). They can marry but this couple has to choose one side. If they choose to faith Talah Kone religion, they can stay in this village  and they have to marry early as soon as possible because they and their parents can't worship with other people( if they don't celebrate their wedding and stay in this village) in ceremonies or worship days as long as they don't celebrate the wedding. But, If they stayed outside, their parents can worship (the declinations of their glory wouldn't spread to them ) with other people even they didn't celebrate their wedding yet.",true,"6f458c4d-df13-4235-b3c2-1d9fc9df7e34","4ed9ecf1-8c3a-42d1-a044-14c0644d09e2",2023-03-24 18:03:29.882,2023-03-24 18:03:29.882
"080e931c-3156-4874-9ee8-904b48fdd8bf","L’Obom était fabriqué de façon artisanale à base de fines lamelles d’écorces extraites de l’arbre. Ces lamelles étaient trempées dans la rivière afin de les rendre plus tendres et faciles à travailler. Pour les rendre lisses et moins épaisses, l’artisan tapait dessus à l’aide d’un morceau de bois. Elles étaient ensuite étendues au soleil pour s’endurcir et prendre de belles couleurs bois, selon la formation de l'écorce. Le tissu s’entretenait comme tout autre.",true,a016b260-36f6-4535-b20b-ea7af618ffc3,a59fdb1b-20b8-4787-b037-b4c7d063867d,2023-03-24 18:03:29.936,2023-03-24 18:03:29.936
ff3cc2e4-7bf3-4f6a-b0d9-935fda32350e,"La culture de la matière première était à la base de la confection des costumes. L’exploitant semait, entretenait puis récoltait les écorces. Ensuite, le filateur prélevait les lamelles de l’arbre à partir de la peau supérieure et les transformait en fil ou tissu. Au préalable, les lamelles étaient successivement débarrassées de leurs impuretés, peignées, étirées, puis tressées. Le tissage permettait d’obtenir des tissus plus rigides, alors que le maillage offrait un résultat plus souple. ",true,a016b260-36f6-4535-b20b-ea7af618ffc3,d0b19555-f46b-4ea7-96de-ebca0fd8db32,2023-03-24 18:03:29.954,2023-03-24 18:03:29.954
"9da7d1b1-c1ea-4c50-b631-e51d3b895aa4","On pouvait teindre soit la lamelle, soit le tissu, soit le produit fini. L’impression d’un motif etait réalisé à la main. On recouvrait la lamelle d’écorce avec des morceaux de bois et on les fixait à l’aide des pinces, la trempait dans le bain de teinture, rinçait, faisait sécher avant de retirer les morceaux de bois. Le soleil permettait de fixer les teintures naturelles. Plus le tissu était trempé longtemps dans le bain de teinture, plus la couleur obtenue était foncée.",true,a016b260-36f6-4535-b20b-ea7af618ffc3,ad64b9b0-98b5-4b69-b88e-e600fee48bed,2023-03-24 18:03:29.982,2023-03-24 18:03:29.982
"0274616b-2fd0-4ebf-9f12-73e280271375","Avant la couture à proprement parlé, le tissu est préalablement découpé. Les pièces maintenant façonnées, sont prêtes pour l’assemblage. Les derniers détails, tels que la broderie, les étiquettes ou autres enjoliveurs  y sont ensuite apportés. Le style, la forme et les illustrations de nos habits qui permettaient aux vêtements de prendre vie étaient choisis en fonction de la mode à l'époque ou de l'usage du vêtement.",true,a016b260-36f6-4535-b20b-ea7af618ffc3,"33d101aa-6867-4149-99ab-878b2e088115",2023-03-24 18:03:29.992,2023-03-24 18:03:29.992
dc3d0c24-0bc4-4d8d-8a34-88629f2932a8,"Les Bulu réalisaient leur costume avec un tissu traditionnel ancestral appelé OBOM, obtenu à partir d’écorces extraites de différents arbres de notre vaste forêt dense équatoriale et était parfois agrémenté par un mélange de diverses fibres naturelles pour plus d'effets. L'OBOM servait de cache-sexe attaché au niveau des reins et protégeait l'entre-jambes. Les pygmées étaient les premiers à l'utiliser. Ce costume est resté l'apanage des patriarches pour des cérémonies ou rites traditionnels.",true,a016b260-36f6-4535-b20b-ea7af618ffc3,"8d779087-cc37-47a8-9b69-991ed819f398",2023-03-24 18:03:30.004,2023-03-24 18:03:30.004
"40b0e5d2-7023-47bb-a924-7257b57765d6","antes para  coseguir tela para aser la falda sacaban cortesa de un arbol llamado golpeaban alrededoe de palo para que pueda estirar la cortesa  despues cosinan por barrios minutos  despues ponen a secar al aire libre en sol. para conseguir piolas sacaban de shambira la fibra eso se lavan y cosinan para que quite el color de la fibra despues ponen a secar por barrios dia en sol ,despues se ilavan con las manos dando bueltas puesto en la pierna , despues asen piolas para utilisar pasa cuerpo eso cubrian su cuerpo puesto en crus. para la piola de la corea eso sacavan del algodon ilavan dando bueltas con un palito y con sus dedos dando bueltas asi octenian las piolas para la corea que usan los hombres. Arbol de balsa acian los aretes de 24 milimetro en circulo. de befuco acian las coronas con sus tecnicas antiguas dando cruses   y las plumas eran de guacamayo que fueron casados por ellos en la selva amazonica de ecuador. las lanzas hacian de chontaduro tumbavan al arbol de chontaduro para  partir en mitad y media cada troso para hacer  troseavan con machete de metal  luego ivan afilando las puntas y los ganchos  con chuchillos",true,"2d585863-97ad-4543-86cf-d83bcc67e635","6fe2ccaf-8911-49c3-8d1d-41bdf6f0b019",2023-03-24 18:03:30.026,2023-03-24 18:03:30.026
ba421eda-df16-4ab3-ba13-a5fa3b3ba4c8,"elavoraban faldas sacado de cortesa de un arbol. las mujesres usaban faldas para cubrir su parte intimo del cuerpo. y las fibras de shambira ilavan para hacer las piolas para cubrir su cuerpo   ,hombres y mujures usaban. el hilo de algodon usaban para hacer la corea eso amaravan los hombres en punta de testiculo , de las fibras de shambira elavoraban para cubrirse su cuerpo , y la corona acian de cortesa de befuco y con plumas de guacamayo. las lanza fabricaban  de chontaduro de 4.10mtros de lago y de grosor de 35 setimetro. de la balsa hacian los Aretes tanto para hombres y mujeres. y collares acian de fibras de shambiras a mano realisaban las collares.",true,"2d585863-97ad-4543-86cf-d83bcc67e635","5a150c6e-65c0-482f-819a-3b3e0b4db770",2023-03-24 18:03:30.056,2023-03-24 18:03:30.056
d2f5fcf4-2f64-45ad-b16f-13dcc6565759,"nuestro antes pasados nunca utilisaron tinte arteficiles. para conseguir buscaban flores, plantas,semillas, raises de plantas y la cortesa de un arbol. esos eran material prima para  extraer el color que necesitaban. el proceso acian , raspaban la cortesa del arbol  y  las escamas que salia  usaban , despues hervir en una olla  y lo pone los hilos de shambira  para teñir  asen el mismo proceso para teñir todos los colores. despues se mesclan para cambiar del color  y lugo ponen a secar al aire libre en sol. algunas personas??? hoy en dia an dejado de utilisar tintes naturales. por falta de conosimiento de sus atepasados. pero usan tiente arteficiales   que son facil de usar ",true,"2d585863-97ad-4543-86cf-d83bcc67e635","672e0f91-1a66-4a05-a614-076179532d30",2023-03-24 18:03:30.090,2023-03-24 18:03:30.090
"63dd7ca4-7769-43fb-8f2a-a94e76b9f439","En generacion en generacion la forma de vestir y estido de vida. herencia de nuestro antepasados para que no desaparesca nuestra cultura viva .la ilustracion de nuestra vestimenta tradicional reconociendo nuestro contumbres y tradicion. nuestro vestimenta tiene un sinificado, que nosotros somo pueblos que defendemos nuestro territorio. para nuestra generacion de presente por venir y futuro. cada año selebramos dia de creacion de comunidad. para identificar nuestra cultura viva que en generacion en generacion mentenemos nuestra cultura , constumbres y estilo de vida como tradicion nuestra como waorani",true,"2d585863-97ad-4543-86cf-d83bcc67e635","84f55ba3-2a76-4bbd-bf50-481a0d9884b2",2023-03-24 18:03:30.102,2023-03-24 18:03:30.102
ba6e7a71-deae-44f2-bbb9-75ec49ed74b9,"nuestro antes pasados siempre utilisaban. hojas de una plata. y falta elaborada de ñashama y para los hombres piola de algodon que utilisaban para amarar el testiculo ,en la sintura como corea ,todo evento como en danza cultural  , reunios y en eventos de matrimonio llevavan para identificar quien es la persona mas inportante . la pareja que usava todo  es la mas respetada por tribu  , la mujer bien vestida fue la  mujer del hombre cazador. que usaba falta de y la con plumas de guacamayo y resto del  vestimenta como , pasa cuerpo ,brazalete ,collar , arete. las mujeres utilisaban falta que cubria asta rodilla  y pasa cuerpo que utilisaban piolas de shambira puesto en una cruz  en su cuerpo. que se cubria al ceno alas mujeres ,y collar que utilisaban en el cuello anbos hombres y mujeres ,tambien la manillas y coronas. los honbres utilisan corona puesta las plumas por de tras y las mujeres corona puesto de pluma al frente  y asi conocian la diferencia. los hombre tambien utilisaban pasa cuerpo para cubrirse el cuerpo los hombre siempre utilisaban lanzas en enventos como reuniones ,noche cultural , en matrimonio  como seguridad del tribu",true,"2d585863-97ad-4543-86cf-d83bcc67e635","43900fc2-65fb-4d28-bad7-2371c2acb3df",2023-03-24 18:03:30.107,2023-03-24 18:03:30.107
"668ddd9f-7935-4ec0-bbf6-42a1571f7e0c","Before, We made  fabrics and yarns by using cotton. Firstly, We spinned cotton by using the spinning jenny to make yarn. When we got the yarns, we made it to be strong and clean by using rice and coconut cover. When it was strong and clean, we weaved it to be fabrics by using back strap loom.",true,"6f458c4d-df13-4235-b3c2-1d9fc9df7e34",e78431bd-ac5a-4c43-976e-a221089ba775,2023-03-24 18:03:30.155,2023-03-24 18:03:30.155
"6a6ccdd0-7ede-40b4-8e57-4db4a74d2d0a","The buildings which  I lived , it had a lot of floors per a house and it  built by cement, bricks, stones, nails, steels,woods and zinc roofs. But, the people who lived in this community used to build their building by bamboo, woods, leaves, raffias and ropes from trees. For the people who were really rich from this community, they used to use laterite stones for building's foundation.",true,"6f458c4d-df13-4235-b3c2-1d9fc9df7e34","332d4983-ffae-4dac-876e-4d86743c1b25",2023-03-24 18:03:30.702,2023-03-24 18:03:30.702
"11e3f6f4-5ecf-48eb-bf1f-f7c486ef02aa","Before (over hundred years),We made  fabrics and yarns by using cotton . Firstly, We spinned cotton ( move the wheel to go around front and behind to produce yarn from cotton) by using the spinning jenny ( the equipment that spinning cotton and building by bamboo or wood) to make yarn. When we got the yarns, we made it to be strong ( not to break easily when we are weaving and sewing) and clean ( to get  better quality of  cotton ) by using rice ( boiled rice with cotton together to be strong and hanging them to dry) and coconut cover ( taking out useless cotton powder when they were dry). When it was strong and clean ( good enough to weave) , we weaved ( we repeated a single yarn by crossing the yarns that  on the loom and  using wood to combine them) it to be fabrics by using back strap loom ( wrapping   the  strap loom  around the back).",true,"6f458c4d-df13-4235-b3c2-1d9fc9df7e34","2d40ba5b-d1e4-4eef-91ea-2b42813e1f3f",2023-03-24 18:03:30.186,2023-03-24 18:03:30.186
"804499ad-c8fc-4aa9-b9f9-29e1921f7227","We used  woven cotton fabrics to make our clothes.For long dresses and blouses, we used needle and yarns to join four breadth fabrics by hands. After that, it became a clothe which had four seams  that front ,behind, left and right. For the longyi, we firstly joined the length of three long pieces' fabrics and we sew its breadth in to cylindrical shape. For sarong, we join two fabrics'breadth.",true,"6f458c4d-df13-4235-b3c2-1d9fc9df7e34","1d418da6-7840-4db4-b346-d93c5b4c72ec",2023-03-24 18:03:30.193,2023-03-24 18:03:30.193
"7a642fed-1039-4dea-ae0b-93a7189ca6bc","Before buying dyes, we dyed the fabrics and clothes by using the  liquid of  plants or trees, leaves and flower. We chose them which had the colours that we wanted  and we boiled it. After boiling it, we mixed the yarns, fabrics and clothes with these liquid to get the colours that we want and need.",true,"6f458c4d-df13-4235-b3c2-1d9fc9df7e34","740c3eeb-af9b-4e5c-aebe-15ffd9bbe698",2023-03-24 18:03:30.211,2023-03-24 18:03:30.211
e0f2e056-3500-4b72-8edc-30fb2cfe6541,"Before (over hundred years when the period of the village leader’s father and grandmother ) buying dye ( artificial dyes ) , we dyed ( to create and put on beautiful colours ) the fabrics and clothes ( they are making from cotton woven ) by using the  liquid of  plants or trees ( slicing their scales or cutting their roots and boiled it in the pot with water) , leaves and  flower  ( we could make them to dry all if we want to dye later). We chose them (checking their leaves or flowers or scales or roots) which had the colours that we wanted (to get the brighter and different colours for our clothes) and we boiled it. After boiling it (when the water turn to the colour), we mixed the yarns, fabrics and clothes with these liquid to get the colours that we want and need.",true,"6f458c4d-df13-4235-b3c2-1d9fc9df7e34",bb427bb5-16d6-45be-9219-af673da92879,2023-03-24 18:03:30.228,2023-03-24 18:03:30.228
"1ce73527-a86e-450c-b8f9-4f22f0e9c7a4","Before, We adapted the shape and style of our clothes by generation to generation. The illustration of clothes  traditionally had meaning. It represented the things that related to Ta Lah Kone religion, Special events , Karen culture and traditional.",true,"6f458c4d-df13-4235-b3c2-1d9fc9df7e34","33f7c393-31b0-4a60-b999-bf83a35968c7",2023-03-24 18:03:30.235,2023-03-24 18:03:30.235
e50a70b6-40d6-4bd9-bf4e-a6ea7a68da3a,"We adapted the shape and style of our clothes by generation to generation (inherit from our ancestors and not to be disappearance). The illustration of clothes traditionally ( following to the ways of our society)  had meaning. It represented the things that related to Ta Lah Kone religion (the things or statues that we worship and honor), Special events (patterning the shapes of the items or ingredients what using in Wrist Tying Ceremony and Fire Festival ), Karen (the largest tribal minority in Myanmar) culture and traditional (the instruments and items using in Karen New Year that falls on the first day of Pyatho in December or January).",true,"6f458c4d-df13-4235-b3c2-1d9fc9df7e34","78b891ea-af71-46a0-9bae-484a2cac0335",2023-03-24 18:03:30.248,2023-03-24 18:03:30.248
"256c433e-a134-47f4-b7f1-6df355541ebc","For the people who get married, they have to wear traditional outfits . It is different that long dress and sarong are for men and blouse and longyi for women. For the people who haven't married, both of boy and girl have to wear dress .We have to wear it everyday and everywhere but we can wear plain shirts when we plant on the farm.",true,"6f458c4d-df13-4235-b3c2-1d9fc9df7e34",c6ebe65a-194f-4e85-bb49-e15d89705677,2023-03-24 18:03:30.258,2023-03-24 18:03:30.258
"6b1923dc-d088-4cd3-b4ba-7a12da239893","For the people who get married ( become legal relationship with someone  as their husband and wife), they have to wear traditional outfits ( wearing two parts of clothe)  . It is different  that long dress ( the cloth is long and straight till under the knees) and sarong ( the piece of cloth warp at the waist) are for men and blouse and longyi (sew the cloth into a cylindrical shape and wearing at the waist) for women. For the people who are unmarried ( they are available and  have chance to choose and find their partner ), both of boy and girl  have to wear dress ( no sarong and longyi). We have to wear it everyday and everywhere ( not only in Gone Thar Phaung Village but also outside that the places not this village) ,but we can wear plane shirts( no stickers, words and lines) when we plant ( growing vegetables and plants)on the farm ( the places for planting on the  fields or on the hills).",true,"6f458c4d-df13-4235-b3c2-1d9fc9df7e34","23dabc22-e363-4d28-8be9-450ea93ac194",2023-03-24 18:03:30.286,2023-03-24 18:03:30.286
af982e1e-229f-4756-a033-6793e3bca535,"Tous les matériaux étaient recueillis dans la forêt environnante. La toiture était construite à base de feuilles de raphia tissées sur des bambous appelés 'nattes', qu'on attachait au moyen d'une partie aiguille de bois sur une charpente faite à base d'arbustes avec du rotin. Les poteaux et les poutres étaient obtenus en cassant un arbre à l'aide de grosses pierres qu'on frappait le long du tronc après l'avoir abattu. La case était faite de demi mûrs également constitués de nattes. Le sol restait plat et nu. Toutes les jointures de la construction étaient faites par des attaches en rotin.",true,a016b260-36f6-4535-b20b-ea7af618ffc3,"34cf8453-d60e-4aac-a508-32e6fa4b0a45",2023-03-24 18:03:30.330,2023-03-24 18:03:30.330
"7f766440-939e-452c-8ef9-2e471317e939","Pour construire l’ABA, on commençait par l’identification d’un site, généralement en hauteur et au centre du village ou devant la case du patriarche. Par la suite, les artisans prélevaient tous les matériaux nécessaires en forêt et les transportaient sur le site déjà aménagé. Une fois sur le site, les artisans plantaient les poteaux et les poutres ; puis ils construisaient la charpente avec du bois, tissaient les nattes, qui étaient par la suite disposées sur le toit de façon à se recouvrir, à la manière des tuiles. Enfin, ils recouvraient le long des demi mûrs des nattes pour les fermetures.",true,a016b260-36f6-4535-b20b-ea7af618ffc3,"0b40373e-963a-4ce7-8a7c-85b58c2eeb2b",2023-03-24 18:03:30.343,2023-03-24 18:03:30.343
"3fd518f9-4957-468e-9a8f-f00f92500b25","La description formelle de l’ABA semble être le paradigme d’identification des peuples Béti en général et Bulu en particulier. Ces faciès architecturaux sont le reflet des matériaux particuliers que livre le milieu écologique. Les aspects variés que présentait l’ABA résultait aussi d'influences diverses où se mêlent l'héritage de la tradition, celui de la colonisation, et les effets de la proximité de la capitale, suivant les ressources des villageois. A l’origine, le style architectural de l’ABA venait de dôme des pygmées, qui étaient les tous premiers occupants de nos forêts.",true,a016b260-36f6-4535-b20b-ea7af618ffc3,d0ddeff3-e631-438d-909f-ab7f9d05a7af,2023-03-24 18:03:30.356,2023-03-24 18:03:30.356
"8082d463-00b6-48eb-b2df-1378a21957df","la différence est que nos logements étaient construits avec des murs de boue séchés enduits d'un crépis blanc, argile kaolinique provenant du marigot, complètement fermés avec des portes et fenêtres en bois, équipés de plusieurs lits étroits et une sorte d'étagère au-dessus du foyer qui sert en partie à ranger les marmites et en partie à fumer le gibier tué ; alors que l'ABA était construit à base de bois, écorces et feuilles de palmes de bambous qui sont couverts de paillassons faits des raphia, le tout est couvert de nattes tissées. Il n'a ni fenêtres, ni portes et construit en demi murs.",true,a016b260-36f6-4535-b20b-ea7af618ffc3,eaf0a27d-1221-4190-9200-417dd1973833,2023-03-24 18:03:30.375,2023-03-24 18:03:30.375
"970a6e4e-e793-460b-857d-adb52835fa39","Nos bâtiments communautaires anciens ABA étaient construits à la main exclusivement par les hommes. C'était des bâtiments faits à base de raphia, associés à d'autres matériaux comme le bois ou le rotin. Des poteaux, faits de jeunes troncs d’arbres sont enfoncés dans le sol sur le pourtour d'un rectangle. Les montants vont être reliés à leur sommet par trois troncs rectilignes qui serviront de poutres dont une sur chaque longueur du rectangle et la troisième, posée sur les deux poteaux les plus hauts, formera la faîtière. Cet ensemble va soutenir une charpente de bambou à deux pairs.",true,a016b260-36f6-4535-b20b-ea7af618ffc3,"1757aea7-7e07-4a79-85d0-92a92e27571a",2023-03-24 18:03:30.388,2023-03-24 18:03:30.388
e6c42079-9804-4fa2-8619-2198fb97a3c0,"Los  materiales  recogían en la selva montañosas nativas,  para el techo usavan hechas de Pajadetoquilla partidas en mitad amarados sobre  en panbil con piolas resistentes recogidos rompiéndose  grande del bosque nativo, los postes para la pared están hechas con  tiras de panbil y amarados con piolas de befucos juntos con pajadetoquilla partidos en mitad. y el piso es de tierra pura estáva arreglada y nivelada en plano    por manos de hombres y mujeres",true,"2d585863-97ad-4543-86cf-d83bcc67e635",faaeec35-02de-4f2c-b122-d14f5098830f,2023-03-24 18:03:30.401,2023-03-24 18:03:30.401
dc4f0cdf-4027-4032-a030-328825d7aead,"antes de construccion de casa tipica ""waorani "" buscan un lugar adecuado donde no haya peligro con los árboles grandes tampoco con inundaciones del río.  los arquitectos saben como ubicar sobre los viento fuertes y suaves de esa forma comienzan a parar los postes extraídos (sacar ,//poner algo fuera de donde estaba) del bosque materiales necesarios para la construcción primero ponen los postes y luego las vigas y las tigeras ,último van las hojas de ungurahua  y material para el techo ",true,"2d585863-97ad-4543-86cf-d83bcc67e635","6d1858e3-ac0e-4a63-a0c9-1cdfdbefc10a",2023-03-24 18:03:30.484,2023-03-24 18:03:30.484
"7dd114b1-1a83-4223-9874-b90a6ebd4562","La descripción real de construccion de casa tipica waorani""  ase siglos que an venido manteniendo como herencia de  tradicional cultural ase más de 60 años después de contacto con mundo occidental, an dejado en barrios lugares la construcción de casa tipica , usando nueva conocimiento an hecho en diferente construcción modelos a occidentales. originalmente la casa tipica proviene de nuestros antepasados tribus ""huarani"" tipo de estos modelos son únicos en la historia de nuestra cultura y tradiciones en tema de casa tipica",true,"2d585863-97ad-4543-86cf-d83bcc67e635","5e80a7d4-ad75-4d2f-9524-0f15436552ad",2023-03-24 18:03:30.520,2023-03-24 18:03:30.520
"0a86921f-8b2e-49fc-9e29-6664548d9876","La diferencia es que nuestros construcción de casa tipica eran construidas con materias primarios de bosque. construida con troncos de panbil vigas de árbol de cálida y la tijeras de panbil, amarados con techo de Paja de ungurahua  y las paredes son de panbil y Paja de ungurahua amarados con piolas de  befucos de alta resistencia por dentro hay docenas de amaca para dormir alado tienen leñas para candela que da calor en la noche y por tejado tienen sus lanzas cada docena por dueño, la casa en cubierta por hojas de ungurahua",true,"2d585863-97ad-4543-86cf-d83bcc67e635","062e8bb1-0bff-4063-a666-da5a3a50a668",2023-03-24 18:03:30.592,2023-03-24 18:03:30.592
c42cfd16-bde3-4dd4-a834-36bae5118820,Construimos casa tipica waorani  con material  primarios del bosque. Los árboles y sus troncos  lo utilizamos para hacer las bases y las vigas. La protección contra el viento está hecha de panbil del bosque . Para la protección de los amarres utilizamos piolas. La Pajadetoquilla se utiliza para proteger de la lluvia. El techo también está hecho de materiales naturales. La pared es de Pajadetoquilla. Los hombres construyen y las mujeres ayudan con el suelo. y recoger material para concretar para proteccion de las lluvias y del sol para sombra,true,"2d585863-97ad-4543-86cf-d83bcc67e635",faba33e6-b41d-4fdf-a6c6-93b77f86bc5b,2023-03-24 18:03:30.627,2023-03-24 18:03:30.627
"664d239b-de6d-4ea1-9907-63864d64ecf9","For roof, we used leaves and we could choose woods or bamboo or leaves to use for walls . We also only used woods and bamboo for floors. We found and collected the leaves in the forest with our friends before the sun rose . After that,  we waved it with raffia in to big rectangular leaves  by our hands . If we didn't have the leaves, we bought from other people. We cut down trees and bamboo for construction by using our own dates and method to get a good tree and to be sustainable. Raffia was maken by bamboo.",true,"6f458c4d-df13-4235-b3c2-1d9fc9df7e34","61147bd9-7701-41da-bfc1-cf66b91ee029",2023-03-24 18:03:30.639,2023-03-24 18:03:30.639
b7114ce3-4961-4896-9d7b-22e719e8ac45,"For roof, we used leaves (dipterocarpus tuberculatus dry leaves) and we could choose woods or bamboo or leaves to use for wall. We also used only woods and bamboo (making long cylindrical bamboo in to a slab or slicing the woods and bamboo in to long rectangle pieces by knife and saw) for floors. We found and collected the leaves (only in fall, winter and spring because the leaves were not dry in the raining season and it didn't fell down a lot under their trees) in the forest with our friends before the sun rose (we had to go and woke up earlier than other people because there was nothing and wouldn't get good leaves if we were late). After that, we waved it with raffia in to big rectangular leaves  by our hands. If we didn't have the leaves, we bought from other people. We cut down trees and bamboo for construction by using our own dates and method (moonless and after full moon are good times and we don't use this tree anymore if we hear the voice that like snack's whistle when the tree fall down on the ground) to get a good tree and to be sustainable. Raffia was maken by bamboo.",true,"6f458c4d-df13-4235-b3c2-1d9fc9df7e34","172802c0-27ac-4224-a3a1-d02693572025",2023-03-24 18:03:30.651,2023-03-24 18:03:30.651
"678b3745-a176-476f-8820-33ec8717f1b8","Before we built floors, walls and roofs, we had to build foundation , arranged and tied the poles first which shape and size we want .  For floors, we  laid down bamboo or woods on the poles . After that, we tied them with poles and  raffias or ropes from trees . For walls and rooms , we also  tied  leaves or bamboo or wood as we were tying floors. For roofs, we only tied leaves, riffa and pole together step by step.",true,"6f458c4d-df13-4235-b3c2-1d9fc9df7e34","82191f49-87b3-4a56-896f-869a3e6ad49e",2023-03-24 18:03:30.659,2023-03-24 18:03:30.659
b2ee6a86-d6cd-43b8-86c7-dc6e7dc99622,"Before we built floors, walls and roofs, we had to build foundation (digging the holes on the ground, put in bamboo or wood poles in there and we recovered the holes tightly with the grounds what we have digged), arranged and tied the poles first which shape and size we want. For floors, we  laid down bamboo or woods on the poles . After that, we tied them with poles and  raffias (sliced the bamboo till they were thin and soft) or ropes from trees ( we found and cut liana in the forest and near mountains or we sliced some tree's scale by knife and twisted them like a rope). For walls and rooms , we also  tied  leaves or bamboo or wood as we were tying floors. For roofs, we only tied leaves, riffa and pole together step by step.",true,"6f458c4d-df13-4235-b3c2-1d9fc9df7e34","92b6b061-18f3-4b2a-abc0-916aee1e6e7b",2023-03-24 18:03:30.668,2023-03-24 18:03:30.668
fffe36d7-74f9-4917-8267-ec9eba9aeb6f,"Before we constructed the building, we measured its shape  by using ancestor methods.We had different kinds of style and size in our community buildings because we could decide  which one we prefer and beautiful in our eyes. That's why our houses or building's style and size were not the same.",true,"6f458c4d-df13-4235-b3c2-1d9fc9df7e34",b185bd11-bce0-4bfb-a4f2-5f6852e24b59,2023-03-24 18:03:30.686,2023-03-24 18:03:30.686
a8e1cf2c-be50-4520-929d-7598afbe398a,"Before we constructed the building, we measured (using stick what marked by cubit before we have measuring tape) its shape  by using ancestor methods (for worship place has to have on eastern and southern. Letter has to have only western and northern and every the step of letter have to finish with odd numbers if we don't do and follow it , we will not be wealthy and bad things will be effect our business, health and households).We had different kinds of style and size in our community buildings because we could decide  which one we prefer and beautiful in our eyes. That's why our houses or building's style and size were not the same.",true,"6f458c4d-df13-4235-b3c2-1d9fc9df7e34",e70e48bb-a391-4f47-a82e-fe829d1b98f5,2023-03-24 18:03:30.693,2023-03-24 18:03:30.693
"30e87e1f-7cb6-4985-8f9f-7cd976c25b98","The buildings which  I lived , it had a lot of floors per a house and it  built by cement, bricks (digged the ground, mixed it with water and  put it in  the  shapes of rectangle cups . After that , arranged and dried them in the sunlight and baked them with fire), stones ( buying  gravel stone from the shops near the river and we buy lime stone from mining places ), nails, steels,woods and zinc roofs. But, the people who lived in this community used to build their building by bamboo, woods, leaves, raffias and ropes from trees. For the people who were really rich from this community, they used to use laterite stones  (bought from the people who could find it. They carved them by knife in to square and made the hole on the tope of square to put in the pole and to protect termites eating the poles) for building's foundation.",true,"6f458c4d-df13-4235-b3c2-1d9fc9df7e34","5883cbba-b8ac-4fb7-96e6-aa318ee73d90",2023-03-24 18:03:30.710,2023-03-24 18:03:30.710
"6f5c45d0-c994-4e56-8787-5190a3a6b6c1","Nowadays, people would like to stay in popular building. Even though the buildings which constructed by natural ways are not sustainable and as popular buildings, they make us healthier than it. That's why we still have the buildings that constructed by natural things and ways around our community. Sometimes, we also might be out of keeping because of following the present time. If all our Karen people can also maintain our things and follow the present day at the same time, it will be great.",true,"6f458c4d-df13-4235-b3c2-1d9fc9df7e34","6e836e15-3511-4b5a-ac9d-ee26412f381f",2023-03-24 18:03:30.716,2023-03-24 18:03:30.716
"89e6a3af-2edd-4442-85bc-dc6e28fd3975","Nowadays, people would like to stay in popular building (constructed by cement, concrete brick, stone, steel, and zinc roof). Even though the buildings which constructed by natural ways ( used the things that got from nature and constructed them by ancestor methods)  they are not sustainable as popular buildings, they make us healthier than (they maintain the temperature depend on the weather and there are no disadvantages, comfortable and peaceful because it are natural things) it.That's why we still have the buildings that constructed by natural things and ways around our community (not only in Gone Thar Phaung Village but also the villages that around in Kayin State even Thailand- Myanmar's border where Karen people who live in refugee camps). Sometimes, we also might be out of keeping because of following the present time. If all our Karen people can also maintain  our things that culture, tradition, costume and follow the present day at the same time, it will be great.",true,"6f458c4d-df13-4235-b3c2-1d9fc9df7e34","397b540f-02b4-4973-abd4-b15c26dabbe4",2023-03-24 18:03:30.726,2023-03-24 18:03:30.726
b8525578-7a68-4ecb-8922-3c6d0e3ccc59,"Servant aux personnes et aux biens, le peuple Bulu utilisait divers moyens de transport. Sur terre, le transport était essentiellement à pieds, à dos d'homme avec des hottes. Les hottes jouent un important rôle dans les travaux champêtres ; elles sont portées sur le dos. Sur l'eau, on a navigué sur des pirogues à rame pour se déplacer sur la voie maritime en forêt, pour pratiquer la pêche peu profonde et transporter des charges plus lourdes. Sur le plan astral, nos ancêtres utilisaient la téléportation spirituelle réservée aux initiés de la tradition.",true,a016b260-36f6-4535-b20b-ea7af618ffc3,d8f63525-be32-4d33-a289-0d74454b8446,2023-03-24 18:03:30.773,2023-03-24 18:03:30.773
f5f82967-db12-4a47-ba33-5791366fe413,"Les raisons de coût, de rapidité et de sécurité guidaient le choix des modes de transport qui étaient utilisé. Quelquefois, c'est la géographie, le climat et plus généralement l'environnement qui obligeaient les gens à utiliser un mode de transport plutôt qu'un autre. Le peuple Bulu se déplaçait le plus souvent soit à pieds, et à dos d'homme avec des hottes, soit en naviguant avec leurs pirogues, soit encore par téléportation spirituelle pour leurs travaux champêtres, récolter des essences ligneuses et non ligneuses, leur commerce ou participer à des évènements heureux ou malheureux.",true,a016b260-36f6-4535-b20b-ea7af618ffc3,"1eb2ebff-46df-4318-8576-68bca368fb7a",2023-03-24 18:03:30.792,2023-03-24 18:03:30.792
"5ffd903e-f253-42af-bf87-5dda58489947","Le déplacement par voie terrestre s'effectuait à pied avec des hottes au dos, puis la traction animale est apparue. Il a pris son essor avec l'invention du moteur. Le transport maritime s’effectuait en pirogue à rame manuelle. Pour le transport par téléportation, il suffisait d'être en contact avec le détenteur du pouvoir spirituel traditionnel pour être téléporté vers l'endroit souhaité. En effet, tout le monde au village n'avait pas la capacité de se téléporter,  ou de téléporter des co-voyageurs. Seules quelques initiés maîtrisaient cette pratique, et étaient chargés de d'accompagner les autres.",true,a016b260-36f6-4535-b20b-ea7af618ffc3,"5c824c54-b625-41ba-800b-569a324d9330",2023-03-24 18:03:30.810,2023-03-24 18:03:30.810
"8d8f39e1-b6f8-424c-abd8-0192e99e20c4","Pour le transport terrestre, on utilisait les pieds, les bras, les épaules et le dos. Les épaules supportaient la grande partie de la charge, mais aussi le dos qui en assurait le support. Pour le transport maritime, on utilisait les bras, le dos et les pieds. Pour la téléportation, les voyageurs invoquaient les esprits des ancêtres et de la forêt. En tout état de cause, il était indispensable d’être endurants et de mettre tout le corps à contribution pour se déplacer. Pour faciliter les déplacements et faire face à l'extension de la demande, les réseaux de transport se sont modernisés et intensifiés.",true,a016b260-36f6-4535-b20b-ea7af618ffc3,"9276e06e-d1e1-4dac-a365-020cf2ee2ad4",2023-03-24 18:03:30.821,2023-03-24 18:03:30.821
d30d4f7e-faf1-4ce0-93d3-f47669a0ed32,"Jusqu'à ce jour, la hotte est utilisée non seulement pour transporter les produits des champs, mais aussi des vêtements, volailles et petits enfants. La majorité des déplacements se faisaient à pieds. La voie maritime était le plus souvent utilisée pour la pêche et le transport des charges très lourdes. Par ailleurs, l'art de la téléportation n'est maitrisé à ce jour que par quelques rares personnes initiées à cette pratique traditionnelle. Seules les communautés Pygmées utilisent encore la téléportation ouvertement pour se déplacer sur de longues distances.",true,a016b260-36f6-4535-b20b-ea7af618ffc3,"04ec782f-1d50-44a9-a943-c94310cfd30f",2023-03-24 18:03:30.833,2023-03-24 18:03:30.833
"2e930016-e6ad-4270-a971-33394570a566","Hace muchos años mis tatarabuelo y abuelos vivian alejado de los rios  vivian en las montañas , no tenia medio de transporte  como hoy en dia, solo hacian canoa hecho de cedro  como medio de transporte fluvial acuatica. Para ir de visitas iban a pie  a kilometros su cuerpo fue inportante como heramienta para largo viaje ,la canoa utilisaban para ir de pesca ,crusar al otro lado cuando el rio esta cresido o viaje largo de visita a familiares.",true,"2d585863-97ad-4543-86cf-d83bcc67e635",f6004e34-e1ee-4f64-b869-ffcee06d3cdc,2023-03-24 18:03:30.845,2023-03-24 18:03:30.845
dc5fa4fc-7405-4b8e-8003-88d3c2872805," La canoa Utilizan para ir de pezca ,o salir a pasear por el rio , crusar cuando el agua esta cresido por fuerte lluvia, tambien para llevar carga semillas de platanos ,palos de yuca ,plantas de cafe ,cacao,maiz,material de construcion de casa tipica.Para viaje por montaña van caminando por que  no tienen medio de transporte van a pie dia a dia para llegar a su destino.",true,"2d585863-97ad-4543-86cf-d83bcc67e635",b0a379b6-be02-461d-bc10-337027334944,2023-03-24 18:03:30.906,2023-03-24 18:03:30.906
"6e66aad2-c32e-45b1-933a-aa32a1a9b392","Solo necesita ayuda de humano para poder mover , hay que saver palaquear para no chocarse con los palos que estan en rio . Se necesita  un remo o un palo delgado de 3 metros para mover la canoa. Poner en posicion de  un contra viento despues mover para atras al palo de 3 metros  para que la canoa pueda salir hacia adelante  y saver controlar para que no pueda virar la canoa.",true,"2d585863-97ad-4543-86cf-d83bcc67e635","4b25c4c6-f9fa-479e-b60a-0676ab3daf31",2023-03-24 18:03:30.936,2023-03-24 18:03:30.936
"81fbce51-dc1d-4c1c-87a0-e0786674d445","Lo mas  utilisado son los brazos que hacen un trabajo duro para que la canoa pueda mover y salir a destino que el hombre necesite aveses el dolor es fuerte que realisamos el trabajo con la palanca. Para que no se dañe la canoa hay que cuidar  ,donde mas se utilisan es en salir a shacra ,pesca , paseo , hacer cruses al otro lado del rio. Y para viajes por montañas son las piernas humanas  que usan para caminar durante 12 horas para llegar asu destino.",true,"2d585863-97ad-4543-86cf-d83bcc67e635","0ee55124-e1b4-47c2-9768-a09a76aaa822",2023-03-24 18:03:30.953,2023-03-24 18:03:30.953
"5d30a23a-05be-44d5-8916-6d166795e94b","Forma donde mis abuelos utilizaron como medio de transporte antiguo ase mas de  miles de  años . No ubo para ellos medio de transporte para terreno firme solo en fluvial acuatica. Para terreno usaban sus piernas para caminar a largo distancia  y para ir por rio lo utilisaban canoa  hecha de cedro para ir de pesca ,viaje de larga distancia. esos fueron que utilizaron mis abuelos en antiguos dias en  aquel tiempo. Hoy en dia utilizan medio de transporte publico como buses.taxi,hurbanos,bote",true,"2d585863-97ad-4543-86cf-d83bcc67e635",c44dd0bb-adf0-4387-9331-3aec474f124b,2023-03-24 18:03:30.974,2023-03-24 18:03:30.974
"10f5895a-20ae-4582-b541-94d02ad5f408","Before we did have a car, bus, bike, bicycle, plan and train for transportation, there were 4 kinds of transportation to use. They were a cart, raft and boat. Cart was made by wood. For boat, we make a tree into concave shape, also need paddle to control and raft was making by bamboo.",true,"6f458c4d-df13-4235-b3c2-1d9fc9df7e34","0d33f7e9-a80a-4927-a7f0-c6be670b2f74",2023-03-24 18:03:30.998,2023-03-24 18:03:30.998
f7653dfc-4fab-41ab-a22d-b94259b7f017,"Before we did have a car, bus, bike, bicycle, plan and train for transportation, there were 4 kinds of transportation to use. They were a cart, raft and boat. Cart was made by wood (first, we need to cut down the tree, make it into long rectangle  at least 10 feet and we cut down it in this middle again about 9 feet of 10 and make it into V shape. And also, we  made axle for the wheels and making all of them in to 90° convex shapes and combine them to be a circle. We also had to make the wood in to egg shape with a small hole in the middle, join all of the poles with it and to make the axle for rolling. Then, we used iron around the circle wheels to protect them from spreading into their original shape again.  At the end of V shape, we have to tie with a long wood and have to make the place with wood or bamboo in to rectangle with the fences for the passenger). For boat, we make a tree into concave shape, also need paddle to control and raft was making by bamboo (making the holes on the top and bottom of it, tie them with the rope).",true,"6f458c4d-df13-4235-b3c2-1d9fc9df7e34","4dde4b4e-7079-4603-a1db-e43bdf59d12b",2023-03-24 18:03:31.006,2023-03-24 18:03:31.006
"20e8aa99-6108-441b-b45c-1d7e0d109a2f","We often used cart in land when we needed to go far, work and to carry heavy things in every season. And also, we used it for emergency cases. On the other hands, not only boat we use for taking people, carry things and to go finish in the river but also, we use raft to taking people and things including animals on water way as well when we did not have any bridge to go to other sides of the river.",true,"6f458c4d-df13-4235-b3c2-1d9fc9df7e34","6d6a3915-4f87-49c0-9050-80351256976d",2023-03-24 18:03:31.014,2023-03-24 18:03:31.014
e779eb4f-4321-4dea-aec6-9032e9efc1b8,"We often used cart (it has 2 wheels, one sit for driver, place for other people and things and pulling by the oxen) in land when we needed to go far (to travel or go to the event  with group, to export or exchange seasonal foods to other places or towns), work and to carry heavy things (rice, fire woods, leave, bamboos, woods, rocks and other things) in every season. And also, we used it for emergency cases (it took the patients, pageant women to the traditional doctors and we also used to carry our things and to leave from dangerous places during civil war or unstable situation). On the other hands, not only boat we use for taking people, carry things and to go finish in the river but also, we use raft to taking people and things including animals on water way as well when we did not have any bridge to go to other sides of the river.",true,"6f458c4d-df13-4235-b3c2-1d9fc9df7e34","6398d8fd-e173-4751-ab95-7e03ba3ee868",2023-03-24 18:03:31.023,2023-03-24 18:03:31.023
"65aa080a-ca54-4252-a30d-6859c86a9f20","Cart has two wheels that pulling by 2 oxen that can go 6 miles an hour, it can carry 5 to 10 people at the same time and also can carry things around 2 tones per time.   For boat. For the raft can go by following the flow of river for 1 hour around 6 miles but if come back to opposite side, it even took only 2 miles per hour. The cart needed two oxen to work. We need paddle for boat to control, turn on left, right and turn around as well. small and long bamboo and it’s for raft to work in the river.",true,"6f458c4d-df13-4235-b3c2-1d9fc9df7e34","243ebac3-bd83-4a4a-b9ee-41b90e550d37",2023-03-24 18:03:31.031,2023-03-24 18:03:31.031
b1540108-3cce-48bb-b735-f7dd769969da,"Cart has two wheels that pulling by 2 oxen that can go 6 miles an hour, it can carry 5 to 10 people at the same time and also can carry things around 2 tones per time.   For boat (one sit for rower in the backside and the passenger had to sit on the middle and front sides. And also, it can carry 4 to 7 people depend on boat side it carries around 1 tone). For the raft can go by following the flow of river for 1 hour around 6 miles but if come back to opposite side, it even took only 2 miles per hour. The cart needed two oxen to work (have to beat these animals by stick to make the animal to run fast and 2 ropes for controlling the oxen to turn left, right, stop for the arrangement). We need paddle (have to make it into flat on the bottom and top must be as handle) for boat to control, turn on left, right and turn around as well. small and long bamboo (has to make it smoothly and around 10 feet tall) and it’s for raft to work in the river.",true,"6f458c4d-df13-4235-b3c2-1d9fc9df7e34",f69b17dd-545d-436c-a1eb-6355fdaf3ffb,2023-03-24 18:03:31.041,2023-03-24 18:03:31.041
bd9206f2-e7a3-4913-9704-e0023a4ab174,"The driver must sit in front of the place that passengers or things, holding two ropes and a stick for controlling oxen and cart and also need to shout loudly for the oxen. For boat, the rower needs to sit on the back side of the boat and he or she has to use hands. For raft, the controller could stay every side or conner by using hands and he or she have to go around on the raft to be stable by floating on the water way.",true,"6f458c4d-df13-4235-b3c2-1d9fc9df7e34","9c9b35a8-982d-47cd-89df-9f34e687e4fc",2023-03-24 18:03:31.047,2023-03-24 18:03:31.047
"01111c49-c443-4268-982a-e917737168ab","Nowadays, we rarely see people using the cart.  Cart is important for human being because people need to use it every season and every situation.  Cart can modify by people and they can design whatever they want. Boat and raft are useful too on the water way. All of those can take people and heavy things without using petrol but nowadays, we still see and use the raft and boat for the transportation that we use on the water.",true,"6f458c4d-df13-4235-b3c2-1d9fc9df7e34","86628d1e-cff0-4a7a-8e36-d19b47358e92",2023-03-24 18:03:31.053,2023-03-24 18:03:31.053
"71e380e3-7291-4a14-8b4b-98194a1b7f3e","Parmi les instruments de musique traditionnels chez les Bulu, on y retrouve le Mvet qui est joué par un initié et d'autres instruments telles que : le djimassa, l’ekalé, le makoné, le engang, le koué, le N’teuh, le mbaya, le kalangou, le djang, l’ambassibé, etc., qui tirent leurs sources des chansons et des rythmes et qui sont joués pour accompagner les danseurs et danseuses. Seulement, la révolution numérique et le développement sans cesse croissant des technologies font que ces instruments sont de moins en moins sollicités et ont simplement laissé la place aux nouveaux appareils.",true,a016b260-36f6-4535-b20b-ea7af618ffc3,"0d2b7b89-bf26-4f39-84d3-ee91f18bac2e",2023-03-24 18:03:31.106,2023-03-24 18:03:31.106
"370b83e3-1afc-41f8-95da-591a749c78b5","Chez nous, la qualité du son est déterminée par la fabrication et les matériaux utilisés et la conception d’un instrument musical varie d’un groupement à un autre. Le plus souvent, les artisans Bulu utilisent les matériaux de la forêt comme : le bois, le bambou, le rotin, les calebasses, la peau des bêtes sauvages. Le Mvet, le Nkuu, chaque instrument étant une œuvre d’art unique, les clients passaient généralement leurs commandes auprès des artisans à l’avance et en fonction d’événements festifs, thérapeutiques ou encore rituels.",true,a016b260-36f6-4535-b20b-ea7af618ffc3,"5df3ee26-a777-4716-b201-e93ccd7fa64a",2023-03-24 18:03:31.117,2023-03-24 18:03:31.117
b6129fb8-83d8-4f03-9516-198eeeb4d5d7,"Les artisans assurent en général tous les stades de la fabrication d'instruments de musique traditionnelle ; de la collecte des matériaux de base, en passant par leur transformation, et leur réparation ou prestation de services, à leur commercialisation. Leurs œuvres sont souvent réalisés soit entièrement à la main, soit à l'aide d'outils à main ou même de moyens mécaniques, avec des produits de base prélevés en forêt. Les artisans assurent aussi le côté esthétique des produits finis. La nature spéciale des instruments de musique traditionnelle se fonde sur leurs caractères distinctifs.",true,a016b260-36f6-4535-b20b-ea7af618ffc3,"8a2f711b-8654-44aa-b9e8-527b1e2fe9b5",2023-03-24 18:03:31.124,2023-03-24 18:03:31.124
"42211632-042d-4217-95c0-cd8d9fb31d7a","La musique traditionnelle a déjà une mauvaise réputation. La musique traditionnelle semble perdre de l’importance avec le temps. Elle se caractérise par son profond ancrage à l’oralité et son contexte populaire. Dans la pratique, les musiques traditionnelles qui accompagnent généralement les danses s’exécutent lors de fêtes, de cérémonies et autres rituels. Les gens se retrouvent, chantent et dansent. Ce sont des moments d’une grande importance qui participent à la transmission du savoir ancestral. Le maître de séance a une grande maîtrise des us et coutumes de la tradition.",true,a016b260-36f6-4535-b20b-ea7af618ffc3,c8717ce0-0a07-4f3c-a379-9ca44fccfb39,2023-03-24 18:03:31.133,2023-03-24 18:03:31.133
d9c9378f-2482-4d31-8c0e-51d037af088e,"Malgré cette présentation un peu alarmiste, notons néanmoins qu’il y a encore quelques artistes musiciens ou groupes qui essayent de préserver ces richesses culturelles et de rattraper les bonnes pratiques et l'utilisation des instruments de musique traditionnels Bulu. Certains se soucient encore de ne pas diluer leurs créations artistiques.  Aussi, précisons qu’il n’existe véritablement pas de festival consacré exclusivement à la musique traditionnelle au Cameroun. Généralement, c’est dans les festivals communautaires que l’on découvre souvent certains de nos instruments et musiques traditionnelles. Leur variété constitue un riche patrimoine culturel qui devrait être préservé et valorisé.",true,a016b260-36f6-4535-b20b-ea7af618ffc3,"9ec5af91-84e8-4414-a124-71c15c5a18d8",2023-03-24 18:03:31.148,2023-03-24 18:03:31.148
"03c67dcc-1526-4e7f-a909-718d9dbf8e09","No hay diferencia en nuestra cultura sobre instrumentos musicales , como hay  solo 2 instrumentos llamados flauta de caña de huadugua  para hacer sonar, el hombre deve soplar .y otro en nuestra idioma llamsmos (ñanca) consiguen de un arbol  eso ban amarados en tobillos al mover pierna se suena  ,esos son  instrumentos unicos  que utilisaron y hoy en dia utilisan los nietos en esta tercera  generacion",true,"2d585863-97ad-4543-86cf-d83bcc67e635",bf73fca8-5814-4485-b4d0-cdcf34e0bfa4,2023-03-24 18:03:31.165,2023-03-24 18:03:31.165
fcc72bc5-4785-4517-9a23-6715cd534793," El material se encuentra en la selva  en las orillas del rio o quebradas rios pequeños , buscan las personas que  tienen conosimiento del material. Y hay  tres tipos de material y solo una es material para hacer instrumento musical llamada flauta  y( ñanca ) que tambien acompaña eso encuentran en arbol grandes en la selva",true,"2d585863-97ad-4543-86cf-d83bcc67e635",a51d29c4-4f54-434a-87d7-f5a408881f48,2023-03-24 18:03:31.181,2023-03-24 18:03:31.181
e6fb7d53-a7a1-40a9-bf68-6159b97dd59c,"Primero dejan cortando por 3 dias para que el material se seque bien  ,despues que este bien seco cortan asu medida. Personas mayores y jovenes  del tribu  cada uno se lo hacen. Se lo elaboran a mano con un cuchillo o machetes bien afiladas cortando en medidas justas. Para que el sonido sea mejor . Al soplar ala flauta   de esa forma estan preparados para los eventos en lugares festivales",true,"2d585863-97ad-4543-86cf-d83bcc67e635","90e9d1bd-22bb-4452-8a44-aa3e85051d68",2023-03-24 18:03:31.198,2023-03-24 18:03:31.198
"401d7742-f718-4188-984d-da6be9df96b1","Los instrumentos son utilisados en eventos  grandes y pequeños como , presentacion de danza , ceremonia del bienvenida , eventos de casamiento de pareja ,fiestas de yuca , asambleas del pueblos ,visitas de familiares ,  participacion en ciudades como desfildes. Y dia de nacionalidades . De esa forma se mantienen los instrumentos",true,"2d585863-97ad-4543-86cf-d83bcc67e635","66f2f1a2-b204-4ca7-8903-afb8e314e86d",2023-03-24 18:03:31.225,2023-03-24 18:03:31.225
eebf640c-d3a8-450d-9cfe-405cfce85daa,"Instrumento musical de pueblo waorani. Llamado Oña y Yanca, flauta y sonido en tobillo. Estos son los unicos que tiene como instrumento musical el pueblo wao. En generacion lo an matenido estos instrumentos. Hoy en dia algunos se an olvidados tanto jovenes y mayores   con contacto con el  mundo occidental , algunos jovenes utilisan sonidos de otros instrumento de otros tribus como jente de afuera  de la ciudad",true,"2d585863-97ad-4543-86cf-d83bcc67e635","5bd68116-d7b0-4c2e-a355-b214fe8288eb",2023-03-24 18:03:31.249,2023-03-24 18:03:31.249
"343c5d84-6c4d-4385-b112-42eea3766fcb","There are 4 different types of Ta Lar Kone traditional musical instruments. They are Pot drum, Buffalo horn, Cymbal and Gong Pot drum is the main musical instrument that has chirpy song and people need to wear on shoulder with rope.  It has 1 to 8 feet tall and 1 feet round afterbirth by measurement.  And also, shapes look like sour glass. Pot drum can produce good song for making people for enthusiastic and can use it in any community activity: dancing, singing during festival. Buffalo horn has sweet output voice that need to gig in the middle of horn and right hand need to cover in the bottom and left hand need to close and open the top to the horn for make better song. horn is for unity power. Gong has only one song that need to beat with stick that need to type with the cloth on the top it. But it uses for every country all over the world Gong, and cymbal stand for the bright lights. Cymbal has 2 sides for left-hand play and right-hand play for playing together like: clapping hand. And also, it is noises material among of Ta Lar Kone musical instruments. Usually does not use it by single item. Most of time, pair with Pot drum. Gong is for gathering, horn is for unity power . That’s all materials can be using at the same time when doing ceremony. Every ceremony opening song with   buffalo song, Then, 3 times with Gong song, after that start together with Pot drum, Cymbal as the same time.",true,"6f458c4d-df13-4235-b3c2-1d9fc9df7e34","98dbb2c7-912f-4e75-b927-8a46cd1658ce",2023-03-24 18:03:31.285,2023-03-24 18:03:31.285
cec8014f-d25a-4539-bc20-968071bfcd63,"Many years ago, the musical instruments materials. Ta Lar Kone people get the horn and lather from died-animals.  Need to cut down the tree finding vines from the forest as well. To get the copper for building the Gog and Cymbal for the instruments, need to dig the mountain that have copper. After get the copper, firstly need to give a heat for copper until become liquid. While doing that process need to dig small place and making in smooth and encase on it. When the copper getting hot and become liquid, coulis to the place that have dig smoothly with cover, keep it dry then start chisel on it with hummer.   In real life of Ta Lar Kone people, difficult to get material. They need to find of the died body of animal that have horn as buffalo and big animal to get the leather for Pot drum by themselves or going to other village for exchange with other items to get buffalo horn and the leather with villager who are not vegetarian. they need to exchange it with their seasonal fruit. And also need to find copper in the mountain for build the Gog and Cymbal for the instruments. However, if they could not find it, they might need to go around to other villages for exchange their seasonal fruit to get a material.",true,"6f458c4d-df13-4235-b3c2-1d9fc9df7e34","1681b7fd-1ca8-4c7d-8b0c-982a238ba99e",2023-03-24 18:03:31.310,2023-03-24 18:03:31.310
c80ff1d9-914f-40c7-8325-0e616987b1ee,"Usually, Ta Lar Kone people make their musical instruments by themselves. Firstly, they find the material by each item and combine to one. To build the Pot Drum, the need to cutdown the tree, after that, make a hole. Cut off the wood bottom to become smaller like cup shape then keep it under of the sun shine. At the same time, need to boil the lather for an hour and take off the depilatory on the lather. When the wood and leather are getting dry, start cutting the lather to become the cycle shape and make a small hole at the side of the cycle shape of the lather. Then start cover the top of the wood with the leather and tied with the ropes tightly side by side round conner and add with long rope to carry it easy. After finished the process, it's become the Pot Drum and we can start playing it. For the buffalo horn, need to boil it for hours and take of meat inside of the horn. After that, start cut off the bottom of the horn straightly and small cut off the top of the horn. the Gog and Cymbal are same items to build and need to burn and give a heat to the copper rock until become liquid. Put it on the ground and start make it with hummer to become flat shape of it items. Both of its items are similar cycle shape and another small shape on the middle but Gog has fence at the conner. The different is cymbal has 2 sides; lift side and right side. They make a small hole on the middle of cymbals. And also, make 2 holes on the top of the Gog as well. Gog need to play with a stick and cymbal can play by clapping it.",true,"6f458c4d-df13-4235-b3c2-1d9fc9df7e34","0baac6ed-e780-4cc1-a5cd-8ced30f736e5",2023-03-24 18:03:31.351,2023-03-24 18:03:31.351
"16bd4cdf-5279-4dcc-b778-a85947777522","Ta Lar Kone people using those items during festival but it has meaning to play in different times. And also, they can play it at the same time when making the harvest festival. Then, start playing horn and 3 times for Gog, 3 times for cymbal than start play Pot Drum at the same. After they have start paly all material, Ta Lar Kone people are standing on the plant of the rice with craw of people together with singing a song. That time is a month of the January in every year. And other times, the play it differently and different situation. They play the horn to start planting of the rice on top of mountain. It means, the lucking will carry it to green plants and more fruits for that year. Gong is for unity power. It’s mean need to work together and same goal of their life. Every time when Ta lar Kone people hear the song of the Gong, they understand it that need to come back to their village for participation on the activity. like: village meeting, funerary, building some things. Pot Drum and cymbal means to support people mind to be happy and active on each activity.",true,"6f458c4d-df13-4235-b3c2-1d9fc9df7e34",a65e328e-96b1-4ef3-a65a-385899998cc5,2023-03-24 18:03:31.382,2023-03-24 18:03:31.382
e4beb5c2-2be4-42f0-b8b1-77522ce00566,"In my mind Ta Lar Kone people have six musical instruments.  But they want to confirm 4 items only. Ta Lar Kone traditional musical instrument are likely with other ethnic group from Myanmar. Pot Drum is same with Shan ethnic group, Gong and Cymbal are using in every ethnic group. But especially, Ta Lar Kone people have difference meaning on it and playing not same among of another ethnic group in Myanmar. Ta Lar Kone people are stay to hush up in the community. Most of time, the pray and take meditation. They do not like to play music and singing like other people. Most of people in Myanmar said that “you are lucky people if you have seen Ta lar Kone people sing when they are doing activity in their village”. It’s mean nobody know where the Ta Lar Kone people is living and the date of their festival.",true,"6f458c4d-df13-4235-b3c2-1d9fc9df7e34",bdbd8eab-eb0d-4b93-a917-ba46d93d4bf3,2023-03-24 18:03:31.407,2023-03-24 18:03:31.407
